<?xml version="1.0" encoding='UTF-8'?>
<odoo>
	<record model="ir.cron" id="sweep_process_cron">
        <field name="name">Sweep Process</field>
        <field name="interval_number">1</field>
        <field name="interval_type">months</field>
        <field name="numbercall">-1</field>
        <field name="doall" eval="False"/>
        <field name="model" eval="'account.invoice'"/>
        <field name="function" eval="'cron_sweep_entries'"/>
        <field name="args" eval="'()'" />
    </record>
</odoo>